"","AGK_Planung....df.T2_KR1AGK_Planung_mean","AGK_Selbstmotivierung....df.T2_KR1AGK_Selbstmotivierung_mean","AGK_Stressvermeidung....df.T2_KR1AGK_Stressvermeidung_mean","PsyEmp_Bedeutsamkeit....df.KR2PsyEmp_Bed_mean","PsyEmp_Einfluss....df.KR2PsyEmp_Einfl_mean","PsyEmp_Kompetenz....df.KR2PsyEmp_Komp_mean","PsyEmp_Selbstbestimmung....df.KR2PsyEmp_Selbstb_mean","DigKomp_Verarbeitung....df.T2_KR4DigKomp_Verarbeitung....rowMeans.subset.df..","DigKomp_Kommunikation....df.T2_KR4DigKomp_Kommunikation....rowMeans.subset.df..","DigKomp_Erstellung....df.T2_KR4DigKomp_Erstellung....rowMeans.subset.df..","DigKomp_Sicherheit....df.T2_KR4DigKomp_Sicherheit....rowMeans.subset.df..","DigKomp_Problemloesung....df.T2_KR4DigKomp_Problemloesung....rowMeans.subset.df..","HoL_Achtsamkeit....df.T2_KR5HolSC_Achtsamkeit_mean","HoL_Verhalten....df.T2_KR5HolSC_Verhalten_mean","Resilienz....df.KR4Res_mean","GesKomp....df.T2_KR3GesKomp_mean","Cluster....df.clust"
"1",3.6,3.66666666666667,3.33333333333333,3,2,3.66666666666667,3.66666666666667,4.33333333333333,3.5,2.66666666666667,2.66666666666667,3.25,3.5,2.5,3,2.83333333333333,1
"2",5,4.33333333333333,3.66666666666667,1,4,4,4,5,5,5,5,5,4,4,3.66666666666667,3,2
"3",3.4,3.66666666666667,4,3.66666666666667,4.33333333333333,4.33333333333333,3.33333333333333,3,3.5,4,3.33333333333333,4,3.16666666666667,3.5,2.83333333333333,3.16666666666667,1
"4",2.8,3.33333333333333,2.33333333333333,4.66666666666667,3.66666666666667,4.66666666666667,4,3.66666666666667,3,3,3.33333333333333,2.75,3.5,2.5,3,2.5,3
"5",4.6,4.33333333333333,4,5,5,5,4.66666666666667,4.66666666666667,5,5,5,3.75,4.33333333333333,4,4.33333333333333,2.5,4
"6",4.8,4,3.33333333333333,4.66666666666667,4,5,3.33333333333333,3.33333333333333,3,2,4,3.75,4,4,3.83333333333333,2.5,5
"7",4.8,3.33333333333333,3.33333333333333,3.66666666666667,2.33333333333333,4.33333333333333,3.33333333333333,4,4,3.66666666666667,4,3.75,3,2.5,2.83333333333333,2.66666666666667,2
"8",4.4,4.33333333333333,4,3.33333333333333,3.33333333333333,4,2.33333333333333,4.66666666666667,4,4.33333333333333,4,4.25,3.66666666666667,5,3.66666666666667,3.5,3
"9",5,4.66666666666667,4.33333333333333,4,5,5,5,4.33333333333333,3.5,2.33333333333333,3,3.5,4.66666666666667,5,5,4,5
"10",4.2,4.66666666666667,4,3.33333333333333,3.33333333333333,3.66666666666667,3.33333333333333,4.33333333333333,4.5,3.66666666666667,4.33333333333333,4,3.16666666666667,3,3.16666666666667,2.16666666666667,3
"11",4.6,4,4.33333333333333,5,5,5,5,4.66666666666667,5,3.66666666666667,4.33333333333333,4.5,3.66666666666667,4.5,4.33333333333333,1.5,6
"12",4,3,3,3,1.66666666666667,4,3.33333333333333,3,3,1.66666666666667,3.33333333333333,2,3.5,3,3.33333333333333,3,2
"13",4,3.33333333333333,4,4,4,4,4,4,4,4,4,4,4,3.5,4,3,6
"14",5,4.33333333333333,4.33333333333333,5,4.66666666666667,5,5,4.66666666666667,4,2,4.33333333333333,3.75,4.5,4,4,2.33333333333333,5
"15",4.2,4,3.66666666666667,3,3.66666666666667,4.66666666666667,5,3.33333333333333,4,3,3,3,3.83333333333333,5,2.83333333333333,3,3
"16",4,3.66666666666667,3,3.33333333333333,3,4,4,2.66666666666667,3,2.66666666666667,3,2.75,3.33333333333333,3,3.5,2.16666666666667,4
"17",4.2,4,3.66666666666667,4,3.66666666666667,3.66666666666667,3.66666666666667,4.66666666666667,4.5,4.33333333333333,5,4.75,2.83333333333333,3.5,3.33333333333333,3.66666666666667,6
"18",4.6,2,3.33333333333333,2.66666666666667,2,3.66666666666667,3.66666666666667,4.33333333333333,4,3,2,3,4.16666666666667,5,3.5,2.16666666666667,2
"19",4,3.66666666666667,4,4,4,4,4,4.33333333333333,4,3,3.66666666666667,2.5,3.66666666666667,4,4,3,4
"20",4.2,3,3.66666666666667,1,2,3.66666666666667,3,4,3,3.33333333333333,4,3,4,3,2.33333333333333,3,3
"21",2.6,2,1.66666666666667,3,2,4.66666666666667,2.33333333333333,5,5,2.66666666666667,3,2.5,2.66666666666667,3.5,2.83333333333333,2.83333333333333,1
"22",3.6,3,3.66666666666667,3.33333333333333,2.33333333333333,4.33333333333333,4.33333333333333,3.33333333333333,3.5,3.33333333333333,2.66666666666667,3,4,3,3.33333333333333,2.16666666666667,5
"23",5,5,5,5,5,5,5,5,5,5,5,5,4.83333333333333,5,4.66666666666667,3,5
"24",5,5,5,3.33333333333333,4.33333333333333,5,5,5,5,5,5,4.25,3.83333333333333,4,3.66666666666667,2.5,5
"25",4.8,4.66666666666667,4.33333333333333,4.33333333333333,4,5,5,5,5,4,4.66666666666667,4,4.66666666666667,3.5,3,3,1
"26",3,3,3,4,4,4,4,4.33333333333333,4.5,4.33333333333333,4.33333333333333,4.75,3.33333333333333,4,3,3,6
"27",3.4,3,4,4.33333333333333,3,4.66666666666667,4.33333333333333,4.66666666666667,3.5,3.66666666666667,4.66666666666667,4.25,4,3.5,3.16666666666667,2.33333333333333,3
"28",5,5,5,5,5,5,5,5,5,5,5,5,3.66666666666667,5,3,4,6
"29",2.8,3.33333333333333,3,3.33333333333333,2.66666666666667,3.66666666666667,3.33333333333333,3.33333333333333,3.5,3.66666666666667,3.33333333333333,3.5,2.66666666666667,3.5,2.83333333333333,2.66666666666667,6
"30",5,4.66666666666667,3.66666666666667,3.66666666666667,4,4.33333333333333,5,4,3.5,3.66666666666667,3.66666666666667,3.75,3.83333333333333,4,3.33333333333333,2.66666666666667,5
"31",4.8,4,3.66666666666667,4,5,5,4.33333333333333,3.66666666666667,5,4.33333333333333,4.33333333333333,3,5,3,4.83333333333333,2.83333333333333,5
"32",4.6,3.66666666666667,4.33333333333333,4.33333333333333,4,4,3.66666666666667,3,3.5,2.66666666666667,2.66666666666667,2.75,3.83333333333333,3.5,3.33333333333333,1.83333333333333,5
"33",4.4,4.33333333333333,3.33333333333333,4.66666666666667,4,5,5,4,4.5,4,4,3.25,4.16666666666667,3.5,3.16666666666667,2.66666666666667,4
"34",4.8,2.66666666666667,2.33333333333333,4,3.66666666666667,4.66666666666667,4.66666666666667,3.66666666666667,3.5,2.33333333333333,2,2,3.5,2,2.16666666666667,2.66666666666667,5
"35",5,5,5,5,5,5,5,5,5,5,5,5,4.5,5,2.83333333333333,3,4
"36",4.6,3.33333333333333,3,3.33333333333333,4,4.33333333333333,5,3,2.5,1.66666666666667,1.33333333333333,1.25,4.83333333333333,3.5,3.83333333333333,1.5,2
"37",4.4,4.33333333333333,3.33333333333333,5,4.33333333333333,5,4.66666666666667,4,4,3.33333333333333,4.33333333333333,3.25,3.66666666666667,5,3.83333333333333,3.5,5
"38",4.8,4,4,2.66666666666667,4,5,3.66666666666667,3.66666666666667,2.5,1.66666666666667,2.33333333333333,2,4.5,3.5,4.5,3.16666666666667,5
"39",4,4,2,3,3,4.33333333333333,4,4.66666666666667,4,3,2.33333333333333,3.5,2.33333333333333,4.5,3.16666666666667,2.16666666666667,3
"40",4.2,3.66666666666667,2.33333333333333,4.33333333333333,3.66666666666667,4.33333333333333,4.66666666666667,4.66666666666667,4,3.66666666666667,4,4.25,2.33333333333333,2,3.66666666666667,3.16666666666667,4
"41",3.6,2.33333333333333,3.33333333333333,1.33333333333333,1,4,2.33333333333333,4,4,2.66666666666667,3.66666666666667,2.75,4,5,4,2.33333333333333,2
"42",4.8,5,4,5,3.33333333333333,5,4.33333333333333,5,4.5,2.66666666666667,4,3.75,5,4,5,4,1
"43",3.2,2.33333333333333,1.66666666666667,2,3,2.33333333333333,2.33333333333333,4,4,4,4,4,2.83333333333333,3.5,3,2.83333333333333,3
"44",5,5,3.66666666666667,5,5,5,4.66666666666667,5,4.5,3.33333333333333,5,3.5,4.16666666666667,4,4.66666666666667,3,1
"45",5,5,5,3,3,3,4,1,1,2,1,1.75,2.16666666666667,1,3,1,2
"46",5,4.66666666666667,4,1.66666666666667,2,5,4,3.66666666666667,3.5,2.66666666666667,4,3.25,4.33333333333333,3.5,3.83333333333333,2.66666666666667,1
"47",5,5,5,4.66666666666667,4.66666666666667,5,5,5,5,3.33333333333333,4.66666666666667,4.5,4.83333333333333,4.5,5,3.83333333333333,2
"48",4.4,5,5,5,4.66666666666667,5,3.66666666666667,5,5,5,5,5,3.66666666666667,5,2.5,2.33333333333333,1
"49",3.8,2,3,1.33333333333333,1.33333333333333,3,3.66666666666667,4.66666666666667,4.5,3.66666666666667,4.66666666666667,3.5,3.66666666666667,2.5,1,3.33333333333333,4
"50",5,5,5,4,4,5,5,5,5,5,4,5,5,5,5,4,5
"51",4.6,4.66666666666667,3.66666666666667,3,3,4,4.33333333333333,2.66666666666667,3,3,3,2.5,3.66666666666667,2.5,2.33333333333333,2.5,2
"52",4.2,4.33333333333333,3,4.66666666666667,5,5,5,3,3,3,3,3,3.33333333333333,2.5,3.5,2,2
"53",4.4,4.33333333333333,4.33333333333333,5,3,5,3,3.66666666666667,4,3.33333333333333,3.66666666666667,4,4.66666666666667,3,3.66666666666667,3,1
"54",4.2,3.33333333333333,2.33333333333333,3.66666666666667,2.66666666666667,4.33333333333333,2.66666666666667,4.33333333333333,3,1.66666666666667,3,3.25,4.5,4.5,4,3.16666666666667,1
"55",4.6,3.66666666666667,4,4,2.33333333333333,4,3.66666666666667,3.66666666666667,3.5,3.33333333333333,3.33333333333333,3.5,3.5,2.5,2.83333333333333,2.5,5
"56",5,5,5,5,5,5,5,1,1,1,1,1,4.33333333333333,3.5,5,3.66666666666667,5
"57",4,4,4,4,3,4,4,2,2,1.66666666666667,2,2.5,3,4,3.66666666666667,2.33333333333333,1
"58",5,5,5,4,4,4,4,4,4,4,4,4,3.33333333333333,4,4.5,3,1
"59",4,4,4,4,4,4,4,3,3,2.66666666666667,4,2.75,3.16666666666667,3,4,2,4
"60",3.8,2.66666666666667,2.66666666666667,2,3.66666666666667,4,2.33333333333333,3.33333333333333,2.5,3,3,3,3.33333333333333,3,2.83333333333333,2.66666666666667,1
"61",4,3.66666666666667,3.66666666666667,3.33333333333333,4.33333333333333,5,4,4.66666666666667,5,4.66666666666667,5,5,4.5,3.5,3.66666666666667,4,4
"62",4.6,5,5,5,3,5,5,5,3,3,4,3,5,5,5,4,1
"63",4,3.33333333333333,3.33333333333333,2.33333333333333,2.66666666666667,4,3.33333333333333,4,4,2.33333333333333,3,3,3.66666666666667,3.5,2,2.66666666666667,1
"64",4,4,4,4,4,4,4,4,4,3.66666666666667,3,3.5,4.16666666666667,4,3.83333333333333,3,5
"65",5,4,4.66666666666667,4,2.66666666666667,5,2,5,5,3.66666666666667,4.66666666666667,4.5,4.33333333333333,4,4,2.33333333333333,2
"66",4.4,4,3.66666666666667,3.66666666666667,3.66666666666667,5,4.66666666666667,3.66666666666667,3.5,3,2.66666666666667,3.25,3.66666666666667,3,3.33333333333333,2.33333333333333,1
"67",3,3,3,3,3,3,3,3,3,3,3,3,3,3,3,3,1
"68",4.2,3.66666666666667,4,4,4,4,4.66666666666667,3.33333333333333,4,1.33333333333333,2.33333333333333,2.75,3.83333333333333,4,4,2.83333333333333,5
"69",5,4.66666666666667,5,5,4,5,5,4.66666666666667,4,5,4.66666666666667,4.25,4.5,4,5,2.5,5
"70",4.4,4.33333333333333,4.66666666666667,4.33333333333333,4,4.66666666666667,4.66666666666667,3.66666666666667,4.5,4.33333333333333,3.33333333333333,4,4,4,3,2.66666666666667,5
"71",3.8,4,3.33333333333333,4,2.66666666666667,4,3.33333333333333,5,4.5,3.33333333333333,4.66666666666667,4.5,3.83333333333333,1,3,3,3
"72",4.2,3,1.66666666666667,5,3.33333333333333,5,2.66666666666667,4,5,4,5,5,2.83333333333333,5,2.66666666666667,2.33333333333333,5
"73",4.4,3,3.33333333333333,2.66666666666667,2.66666666666667,4.33333333333333,3.33333333333333,3.66666666666667,4,3,4.33333333333333,4,4,3,3,2.33333333333333,4
"74",3.4,3,3,4,2.33333333333333,4,2.33333333333333,3,3,3,3,3,3,3.5,2.83333333333333,1.66666666666667,4
"75",4,4,4,4,5,5,5,3.33333333333333,3,3,4,3.5,3.83333333333333,5,4.16666666666667,2.33333333333333,5
"76",4.8,5,5,4.66666666666667,4.66666666666667,5,5,5,5,5,5,5,3.66666666666667,5,3,4,6
"77",3.8,3.66666666666667,3.66666666666667,5,3.66666666666667,4,4.33333333333333,3,3,3,2,3.25,3.66666666666667,3.5,4,2.5,5
"78",4.2,3.33333333333333,3.66666666666667,4.33333333333333,3.66666666666667,4.33333333333333,3.66666666666667,4.33333333333333,3.5,3,4,3.5,4.33333333333333,4,4.66666666666667,3.16666666666667,5
"79",5,5,5,5,5,5,5,1,1,2,2,1.75,4,5,3,1.66666666666667,5
"80",3.8,3,3.66666666666667,2.33333333333333,3.66666666666667,3.33333333333333,3,3.33333333333333,3.5,4.33333333333333,3.66666666666667,3.75,2.83333333333333,2.5,2.66666666666667,2,5
"81",3.6,3.66666666666667,3.33333333333333,4,3.33333333333333,4,4,2,2,2.33333333333333,2.66666666666667,3,3.16666666666667,4,4,2,3
"82",3.8,4,3.66666666666667,3,3,4,3.66666666666667,3.66666666666667,3,3.33333333333333,3.66666666666667,3.5,4.33333333333333,5,4,2.66666666666667,3
"83",4.8,4.33333333333333,4.33333333333333,3.66666666666667,2.66666666666667,4.66666666666667,3,3.66666666666667,3,3.66666666666667,3.33333333333333,3.75,5,5,3.83333333333333,3.33333333333333,1
"84",4.8,4.33333333333333,4.66666666666667,5,4.33333333333333,5,4.33333333333333,5,5,4.66666666666667,5,4.5,3.16666666666667,3.5,4.66666666666667,2.66666666666667,5
"85",5,4.33333333333333,4.33333333333333,5,4.66666666666667,5,5,3.66666666666667,3.5,3,3.33333333333333,3.25,3.5,2.5,4.66666666666667,2.83333333333333,1
"86",5,5,3.66666666666667,4,4,4,4,3.66666666666667,4,3.66666666666667,4,4,4,4,5,2,3
"87",4.6,4.66666666666667,3.33333333333333,5,5,5,4.33333333333333,2.66666666666667,3,1,4.33333333333333,4,3.33333333333333,4,3,3,5
"88",5,5,5,5,5,5,5,4,2,2,2,3.25,2.83333333333333,1,4.5,1.33333333333333,5
"89",4.6,3.66666666666667,3.66666666666667,5,4,5,3.66666666666667,3.33333333333333,3,3,4.33333333333333,3.25,4.16666666666667,4,3.83333333333333,2.5,1
"90",4,4,4,4,4,4,4,4,4,4,2.66666666666667,3.25,4.16666666666667,4,4.5,3,1
"91",4,4,4,4.33333333333333,4,4,4,4.66666666666667,5,4.66666666666667,4,4,3.5,4.5,3.83333333333333,2.83333333333333,3
"92",5,5,5,4,4,4,4,5,4,4,4,4,3.66666666666667,2,2.66666666666667,4,5
"93",4,4,3.66666666666667,4,3.33333333333333,4,4,3,3,1,2,2,4,3,2.66666666666667,2.83333333333333,1
"94",4.2,4.33333333333333,4,4.33333333333333,4,4,4,3.33333333333333,3.5,3.33333333333333,3.33333333333333,3.5,3.83333333333333,3,2.83333333333333,2.66666666666667,1
"95",4,3.33333333333333,3.33333333333333,1.33333333333333,2.33333333333333,4.33333333333333,3,2.33333333333333,3,2,3.33333333333333,3.5,1.66666666666667,2.5,2.16666666666667,2.16666666666667,2
"96",4,2.66666666666667,2.66666666666667,1,2,5,3.33333333333333,4,4,2.66666666666667,4,4,4.16666666666667,3.5,3,2.66666666666667,3
"97",5,5,5,5,5,5,5,4,4,4.33333333333333,4.33333333333333,4.25,3.66666666666667,5,3,4,1
"98",5,5,5,5,5,5,5,5,5,5,5,5,5,5,5,4,4
"99",2,2,2,5,5,5,5,3,3,3,3,3,3,3,2.66666666666667,2.16666666666667,6
"100",4.8,4.33333333333333,3.66666666666667,5,5,5,4,4.66666666666667,5,5,4.33333333333333,4.25,3.66666666666667,5,3.83333333333333,3.33333333333333,5
"101",5,5,5,3.66666666666667,4,4,4,3.66666666666667,4,3,3,3,3.83333333333333,3,3.16666666666667,2,1
"102",3.6,2.33333333333333,1.66666666666667,1,2,5,2.33333333333333,4.33333333333333,3.5,2.66666666666667,3,3,3.16666666666667,4.5,2.5,2.66666666666667,2
"103",4.8,5,4,5,5,5,5,4.66666666666667,5,5,5,5,5,4,5,2.83333333333333,4
"104",5,5,5,5,5,5,5,5,5,5,5,5,4.33333333333333,5,3,4,4
"105",5,5,5,4,4,4,4,3,3,3,3,3,3.33333333333333,4,4.5,4,5
"106",4.2,1.66666666666667,3.33333333333333,1.33333333333333,2.66666666666667,4,4,3.66666666666667,4,2.66666666666667,2.66666666666667,2.75,3.83333333333333,4.5,2.5,2.16666666666667,2
"107",5,4.33333333333333,4,3.33333333333333,2.33333333333333,4.66666666666667,3.66666666666667,3.33333333333333,3,2.33333333333333,3.33333333333333,2.75,3.16666666666667,3,3.5,2.16666666666667,1
"108",3.2,1.66666666666667,1.66666666666667,5,2.33333333333333,2.33333333333333,4,5,5,3,3.33333333333333,3,3.33333333333333,3,2.66666666666667,2.16666666666667,4
"109",5,2.66666666666667,2,3.66666666666667,2,2.33333333333333,2,4,3.5,3,2,2.5,2.5,4,3.33333333333333,2.33333333333333,2
"110",4.6,5,4.33333333333333,5,4.66666666666667,5,4.33333333333333,4.66666666666667,5,5,5,5,4.66666666666667,4,4.16666666666667,3.33333333333333,4
"111",5,4.66666666666667,4.66666666666667,3.33333333333333,3.33333333333333,4.66666666666667,4.66666666666667,3,3,1,1.66666666666667,2.25,3.33333333333333,3.5,3,2.5,1
"112",5,5,4.33333333333333,4,4,4,4,5,5,5,5,5,3.66666666666667,5,3.66666666666667,2.5,5
"113",3.2,3.33333333333333,4,1,1,4,2,4.66666666666667,4.5,4,4,2.5,4.33333333333333,3.5,5,2.5,1
"114",4.2,2.66666666666667,3,2,4.33333333333333,4.66666666666667,4.33333333333333,4.66666666666667,3.5,3.33333333333333,2.66666666666667,3.75,4,2.5,4,1.66666666666667,4
"115",5,4.33333333333333,3.66666666666667,3.33333333333333,2.66666666666667,4.33333333333333,3.66666666666667,2.66666666666667,2,1,2.33333333333333,1.5,3.16666666666667,1.5,3,2.16666666666667,1
"116",5,4.33333333333333,4.33333333333333,4,4,5,4,4,4,3.66666666666667,4,3.5,4.33333333333333,5,3.66666666666667,2.5,5
"117",4.4,3,2.33333333333333,3.66666666666667,3,5,4.33333333333333,4,4,4,4,4,5,4,3.83333333333333,4,3
"118",4,4.33333333333333,3.33333333333333,4.33333333333333,3.66666666666667,5,3.33333333333333,4,4,4.33333333333333,3.66666666666667,3.75,4.66666666666667,4,3.16666666666667,3,5
"119",5,4.66666666666667,4,4.66666666666667,5,5,4.33333333333333,4,4,4,4.66666666666667,4,4,4,4.33333333333333,3,5
"120",4.4,4,4,3.33333333333333,4,3.66666666666667,4,3.33333333333333,3,2.66666666666667,3,3,3.5,4,3.5,3,5
"121",4.6,4,5,4,5,4,5,4.33333333333333,4.5,4.33333333333333,4.66666666666667,4.5,3.5,5,3,3.66666666666667,4
"122",4,3.33333333333333,3.33333333333333,3.33333333333333,3,4,3.33333333333333,3.66666666666667,3,3,3,3.5,2.83333333333333,5,3.33333333333333,2.33333333333333,1
"123",4.8,5,5,3,4,5,5,3.66666666666667,3.5,1.33333333333333,3.66666666666667,2.5,4.5,3.5,4.33333333333333,1.5,2
"124",4.6,4.33333333333333,3.33333333333333,5,4.33333333333333,5,3.33333333333333,4,3.5,4.33333333333333,4,3,3.16666666666667,3.5,4.16666666666667,2.16666666666667,1
"125",4.4,3.66666666666667,3.66666666666667,4.66666666666667,4.33333333333333,4,4.33333333333333,3.66666666666667,2.5,3.33333333333333,3.66666666666667,3.5,3.66666666666667,4,3.5,2.83333333333333,6
"126",3.8,3.66666666666667,4,4.66666666666667,3.33333333333333,3.66666666666667,3,3.33333333333333,4,3.33333333333333,3,4,3.83333333333333,2.5,4.66666666666667,2.66666666666667,4
"127",5,4.33333333333333,3.66666666666667,4,4,4,4,3.66666666666667,3.5,3.66666666666667,3.66666666666667,4,4.16666666666667,3,3.83333333333333,2,5
"128",4.6,4.33333333333333,4,4.33333333333333,4,4,3.33333333333333,4.33333333333333,4,4,5,4,4.33333333333333,5,4.5,3,5
"129",3.2,2.66666666666667,3,2,2,4.33333333333333,2,2.66666666666667,2,4,2.33333333333333,3,2.83333333333333,4,3.83333333333333,1.83333333333333,3
"130",5,5,5,4,4,4,4,3,4,3.33333333333333,3.66666666666667,3.5,4.33333333333333,4,3.33333333333333,3,3
"131",4.4,4,3.66666666666667,4,4.33333333333333,4.66666666666667,5,4,4,3,4,3.25,3.66666666666667,4,3.66666666666667,2.83333333333333,5
"132",4.4,4,3.66666666666667,4.66666666666667,5,5,5,3.66666666666667,3,2.66666666666667,2.33333333333333,3.25,4,2.5,4,3,5
"133",5,5,5,5,5,5,5,5,5,5,5,5,4,2.5,4,3,4
"134",4.6,4.33333333333333,4,4.66666666666667,5,5,4,3,3.5,2.66666666666667,3.33333333333333,3.5,5,4.5,4,2.66666666666667,1
"135",5,4,3.33333333333333,3.33333333333333,3,5,4.66666666666667,2,2,1.66666666666667,2.66666666666667,2.75,3.83333333333333,5,5,2.66666666666667,4
"136",4.2,3.66666666666667,3,5,5,5,5,4.66666666666667,4.5,3.33333333333333,3.66666666666667,3.75,2.83333333333333,3,3.33333333333333,2.33333333333333,5
"137",4.6,5,4.33333333333333,5,5,5,5,2.66666666666667,3,4,4.33333333333333,4.5,4.83333333333333,3.5,4.83333333333333,2.83333333333333,4
"138",5,5,5,5,5,5,5,3,3,3,3,3,3.5,4,3.5,2,5
"139",4.6,4.66666666666667,4.33333333333333,1.33333333333333,4,4.33333333333333,4,4.33333333333333,4,4.66666666666667,4.33333333333333,4.5,3.33333333333333,4.5,2.83333333333333,3.5,6
"140",4.6,4.66666666666667,4.66666666666667,5,5,5,5,3.66666666666667,4,3.66666666666667,3.66666666666667,3.75,3.33333333333333,3,3.5,2.5,5
"141",5,4.33333333333333,4.66666666666667,5,5,5,4.66666666666667,4.33333333333333,4.5,4,4.33333333333333,4.5,2.83333333333333,4.5,3.66666666666667,3.5,4
"142",4,4,3,4,4,4,4,4,4,3.66666666666667,3,3.25,3.33333333333333,4,3.83333333333333,3,1
"143",4,4,4,3,2,4,3,3,3,3,3,3,3,3,3,3,4
"144",3.8,3,3,3,2.66666666666667,3,3.66666666666667,3,3,3,3,3,3.33333333333333,4,2.5,2,1
"145",2.8,3.33333333333333,2.66666666666667,3.33333333333333,3,3.66666666666667,3,3,3,3,4,3,3.16666666666667,4,2.66666666666667,2.5,6
"146",3.2,4,3.33333333333333,3,3,3.33333333333333,3.33333333333333,3.66666666666667,3.5,3.33333333333333,3.66666666666667,4,3.16666666666667,3.5,3.16666666666667,2.5,3
"147",4.8,3.66666666666667,3.33333333333333,3.33333333333333,3.66666666666667,5,4.66666666666667,4.33333333333333,4.5,4.33333333333333,4.33333333333333,4.25,3.16666666666667,2.5,3.16666666666667,3,3
"148",5,5,5,5,2,5,4.66666666666667,5,5,5,5,5,4.5,4,3.66666666666667,4,1
"149",5,4.66666666666667,3.33333333333333,3,4.66666666666667,5,5,2.66666666666667,1,1,1,1,3.16666666666667,1.5,3.83333333333333,2.5,5
"150",4,4,4,3,3,3,3,4,4,4,4,4,3,2,3,2.5,1
"151",4.4,3.33333333333333,4,3.33333333333333,2.33333333333333,4,3,4,3,3.33333333333333,4,3.75,3.33333333333333,3,3.33333333333333,2.5,2
"152",3.8,3.66666666666667,3,3,3,3,3,4.33333333333333,4,4,4,3.5,3.33333333333333,4,3.33333333333333,2.33333333333333,4
"153",3.8,3.66666666666667,3.66666666666667,3,2.33333333333333,3.33333333333333,3.66666666666667,5,4,4,3,3,4.33333333333333,3.5,2.5,2.66666666666667,4
"154",3.2,3.33333333333333,3,2,2,5,2.33333333333333,3.66666666666667,3,2,2.33333333333333,2.5,2.5,2,3.83333333333333,2.16666666666667,2
"155",4.4,5,5,4.33333333333333,2,5,3.66666666666667,4.66666666666667,4.5,3.33333333333333,2.33333333333333,2.5,4.5,4.5,4.16666666666667,2.66666666666667,1
"156",4,4,3.33333333333333,4,3.66666666666667,4.33333333333333,2.66666666666667,4,3.5,2,2,2.25,3.16666666666667,2,4,3,1
"157",5,4.66666666666667,4.33333333333333,4.33333333333333,4,5,5,5,5,1.66666666666667,4,4,4.66666666666667,5,5,4,1
"158",3.8,3.66666666666667,2,4,2.66666666666667,4,2.66666666666667,5,4,3.66666666666667,5,4,4,2.5,3,3,1
"159",4.4,4.66666666666667,4,5,4.33333333333333,4.33333333333333,4.33333333333333,4.33333333333333,3.5,3.33333333333333,4,4,3.33333333333333,4.5,3.16666666666667,2.66666666666667,6
"160",5,5,5,5,5,5,5,5,5,5,5,5,3.66666666666667,5,5,4,6
"161",4.8,4.66666666666667,4,5,4,5,4,5,4.5,4.33333333333333,4,4,4.33333333333333,5,4,3,5
"162",4.6,4.33333333333333,4.66666666666667,5,5,5,4.33333333333333,2,3,2.33333333333333,2.66666666666667,3,4.5,5,3.66666666666667,3.16666666666667,5
"163",5,5,5,5,5,5,5,5,5,5,5,5,4,3,5,3,3
"164",4.2,5,3.66666666666667,5,3,5,4,5,5,5,5,5,5,4,4.66666666666667,2.83333333333333,3
"165",4,3.33333333333333,3.66666666666667,2.66666666666667,2.33333333333333,4,4.66666666666667,4.33333333333333,4,3.33333333333333,4,3.5,4,2,3.83333333333333,2.66666666666667,3
"166",4,3.33333333333333,4,3.33333333333333,4,4.33333333333333,4,4.66666666666667,5,4.33333333333333,4.66666666666667,4,4,3,3.16666666666667,1.83333333333333,3
"167",4,3,2.33333333333333,4,4,5,3.66666666666667,4,2.5,2,2,3,3.83333333333333,3.5,3.5,3,1
"168",4.8,4.66666666666667,2.66666666666667,5,5,5,5,5,5,5,5,5,5,4.5,4.66666666666667,4,4
"169",3.4,3.66666666666667,3.66666666666667,4.66666666666667,4,4,3.33333333333333,3.66666666666667,3,2.33333333333333,3.66666666666667,3.25,4,3,3.66666666666667,3,5
"170",5,4,4,5,5,5,5,4,4,4.33333333333333,4.33333333333333,3.75,4.5,3.5,4.33333333333333,2.66666666666667,5
"171",4.8,4,3,4.66666666666667,4,5,4,4,4.5,3,4,3.5,3,2.5,4,2.66666666666667,1
"172",4.8,3.66666666666667,3.66666666666667,4,4,5,4.33333333333333,3.33333333333333,3,2,2.66666666666667,2.25,2.83333333333333,4,3.66666666666667,1.83333333333333,5
"173",5,5,5,5,4,5,4,4,4,4.66666666666667,5,4.25,4.83333333333333,4,4.83333333333333,4,4
"174",4,4,4,4,4,4,4,3,3,3,3,3,3,3,4.5,2.33333333333333,2
"175",5,4.33333333333333,5,1,1,4,3.33333333333333,4,4,3.66666666666667,3.66666666666667,4.25,5,1,4.5,3,2
"176",3.6,3,2.66666666666667,4.66666666666667,2.33333333333333,3.33333333333333,5,3.66666666666667,2.5,1.66666666666667,2.66666666666667,2.75,2.83333333333333,3.5,2.33333333333333,2.33333333333333,5
"177",4.4,3.33333333333333,2.66666666666667,3,3,3.66666666666667,3.66666666666667,4.33333333333333,4,3,4,3.5,4.16666666666667,3,3.16666666666667,2.33333333333333,2
"178",4,4,4,5,5,5,5,5,4,3.33333333333333,3,3.75,3.33333333333333,4,3,2,4
"179",5,5,5,5,5,5,5,2.33333333333333,5,5,5,5,5,5,3,4,4
"180",4.6,3.66666666666667,3.66666666666667,4.33333333333333,4.66666666666667,5,4.66666666666667,4.33333333333333,4,5,4,4,4.33333333333333,3,4.16666666666667,3,4
"181",5,3.33333333333333,3,3.33333333333333,1.33333333333333,5,2.66666666666667,4,3.5,4.33333333333333,4.33333333333333,4,4.33333333333333,2.5,4.16666666666667,3.16666666666667,3
"182",4.8,5,4.66666666666667,4.66666666666667,5,5,5,3.66666666666667,2.5,4,4.33333333333333,4.25,4.83333333333333,5,4.66666666666667,3.16666666666667,2
"183",5,5,5,4,5,5,5,3.66666666666667,4,4,4,4,4,4,4.16666666666667,3,5
"184",4,3.66666666666667,3.66666666666667,2,1.66666666666667,4,4,4.33333333333333,3,2,2.66666666666667,2.75,4,4,3.16666666666667,2.66666666666667,1
"185",3,3.33333333333333,3.66666666666667,3.66666666666667,3,3.66666666666667,3,3.33333333333333,2.5,3.66666666666667,2.33333333333333,3.75,2.66666666666667,4,2.83333333333333,2.66666666666667,3
"186",5,4.66666666666667,4,5,3.66666666666667,5,4,5,5,5,5,5,5,3.5,5,4,4
"187",4.2,4,3,4.66666666666667,3.66666666666667,4,3.66666666666667,4,3,3.33333333333333,3.33333333333333,4,4.66666666666667,4,3.66666666666667,3,1
"188",4.8,3,3,3.66666666666667,3,4,3.66666666666667,3.33333333333333,3,3,3,3,2.83333333333333,3.5,1.5,2,3
"189",4,3.33333333333333,3,3,3,3,2.66666666666667,3.33333333333333,3,3,3.33333333333333,2.75,2.83333333333333,2.5,3,2.5,5
"190",3.4,3.66666666666667,3.66666666666667,3.33333333333333,3,2,2.66666666666667,3.33333333333333,2.5,4.66666666666667,3.33333333333333,3.75,3.83333333333333,4,3.16666666666667,3,6
"191",3.4,3,3,4,3,3.66666666666667,4,3,3,3,2.66666666666667,2.75,3.66666666666667,4,2.83333333333333,2.66666666666667,1
"192",4,3.66666666666667,3.33333333333333,3.66666666666667,3,4,4,4.66666666666667,4,4.33333333333333,4.33333333333333,4.25,5,1,3.5,3,3
"193",4.6,4.66666666666667,3.33333333333333,3.66666666666667,4,4.33333333333333,4.66666666666667,5,5,5,5,3.75,4,4,3.5,3.5,4
"194",3.8,4.33333333333333,3,1.66666666666667,3,3.66666666666667,4,1.66666666666667,3,2.33333333333333,3.66666666666667,3,3.66666666666667,4,3.33333333333333,2.33333333333333,2
"195",3,3,3,4,4,4,3.66666666666667,2.66666666666667,2.5,1.66666666666667,1,2.5,3.33333333333333,4,3,3,3
"196",4.2,3.66666666666667,3.33333333333333,4,4,5,3.33333333333333,4.66666666666667,4.5,3.66666666666667,4.33333333333333,3.5,3.66666666666667,2,3.83333333333333,2.66666666666667,1
"197",3.8,3.33333333333333,3,3.33333333333333,2.33333333333333,3.66666666666667,3.33333333333333,2.66666666666667,4,3,3.66666666666667,3.5,3.66666666666667,2.5,4.16666666666667,2.83333333333333,4
"198",4.8,4.33333333333333,5,2.33333333333333,2.66666666666667,4.66666666666667,2.33333333333333,4.33333333333333,4.5,3,3.66666666666667,3.25,2.83333333333333,5,4.83333333333333,3.33333333333333,3
"199",4,4,3.66666666666667,4,4,4,4,4.33333333333333,4,4.33333333333333,4,4.25,4.66666666666667,5,4,3,6
"200",4.2,3,4,5,4,5,4.33333333333333,4.33333333333333,5,3.33333333333333,4,4.5,2.66666666666667,1,4,3.33333333333333,5
"201",4,4,4,4,4.33333333333333,5,4,2.66666666666667,2,1.33333333333333,3,3,3.33333333333333,1.5,4,2.16666666666667,5
"202",4.8,3.33333333333333,4,3.66666666666667,3.33333333333333,5,3.66666666666667,3.66666666666667,4,3.33333333333333,4.33333333333333,3.75,4.5,3,3.16666666666667,2.66666666666667,1
"203",4.2,4.66666666666667,4.33333333333333,3.33333333333333,3,4.33333333333333,3.33333333333333,4.33333333333333,4.5,4,4.33333333333333,4,2.66666666666667,2.5,3,2.5,3
"204",3.8,3.33333333333333,3,4,4.33333333333333,3.66666666666667,4.66666666666667,4,4,3.66666666666667,4.33333333333333,4.25,4.33333333333333,4,4.33333333333333,3,5
"205",4.4,3.66666666666667,3,4.66666666666667,5,5,5,5,4.5,4.33333333333333,5,3.5,4.33333333333333,4,4.16666666666667,2.5,3
"206",4.8,5,4.33333333333333,5,4.66666666666667,5,5,4,2.5,2.66666666666667,3.66666666666667,3.5,4,3,4,3,5
"207",4.6,3,3.66666666666667,2,5,5,4.66666666666667,5,4,4,4,4,4.16666666666667,4,4.5,3.16666666666667,5
"208",4.8,4.66666666666667,5,1,2,5,3.33333333333333,3.66666666666667,3,3.33333333333333,3.33333333333333,3.25,5,3,5,3.16666666666667,2
"209",3.4,4,3.66666666666667,4,3.66666666666667,4,4,3,3,3,3,3,3,3,3.83333333333333,2.66666666666667,1
"210",4,4,4,4.66666666666667,4,4,4,4,3,2.66666666666667,2.33333333333333,2.25,4.33333333333333,4,3,2,5
"211",4.2,3,3,3,3,3.66666666666667,4,2.66666666666667,3,2.66666666666667,4,2.75,3.5,3.5,3,1.83333333333333,5
"212",4,3.33333333333333,4,4,2,4.33333333333333,3.33333333333333,3.33333333333333,3.5,3.66666666666667,4,3,3.5,4,3,2.66666666666667,4
"213",5,5,2.33333333333333,5,5,5,4.33333333333333,2.66666666666667,3,2.66666666666667,3,3,3.5,2,5,2.83333333333333,5
"214",3.6,2.66666666666667,3.33333333333333,3,4,4.66666666666667,3,4.33333333333333,3.5,3,4,3.25,4.16666666666667,3,3.16666666666667,2.33333333333333,4
"215",5,4.33333333333333,4.33333333333333,5,4,5,5,3.66666666666667,3,3.66666666666667,3.33333333333333,3.75,4.66666666666667,4,3.83333333333333,2.33333333333333,5
"216",3.6,3.33333333333333,3.66666666666667,3,3,4,3.66666666666667,3.33333333333333,3.5,2.33333333333333,3,3.25,3.66666666666667,3,3.33333333333333,2.33333333333333,1
"217",4.2,4.33333333333333,3.33333333333333,3.66666666666667,3.66666666666667,4,3,3.66666666666667,3.5,3,3,4,3.66666666666667,4,3,2.5,1
"218",4,2.66666666666667,3,1.66666666666667,2.33333333333333,3.33333333333333,2.66666666666667,2.33333333333333,3,2.66666666666667,3,3.75,3,3.5,3.83333333333333,2.33333333333333,3
"219",5,4.33333333333333,4,3.66666666666667,4,5,5,4,5,4,5,4.5,4.5,1,3.5,2.66666666666667,5
"220",4,3.66666666666667,3.33333333333333,4.66666666666667,3.33333333333333,4,3.66666666666667,4,3.5,3,4,4,4.33333333333333,4.5,4,2.66666666666667,2
"221",2.6,2.66666666666667,2.66666666666667,4,3,3.66666666666667,4,2.33333333333333,3,2.66666666666667,2.33333333333333,3,2.66666666666667,3,3,2.33333333333333,3
"222",5,4.33333333333333,4.33333333333333,4,5,5,5,3.33333333333333,3.5,3.66666666666667,3.66666666666667,4,4.33333333333333,4,4.83333333333333,4,5
"223",4.2,4.33333333333333,4,5,4.33333333333333,5,5,4.33333333333333,4,3,3,3.25,4,4.5,5,3.16666666666667,5
"224",4.6,4.66666666666667,4.33333333333333,3,3.33333333333333,5,4.33333333333333,4,3.5,3.66666666666667,3.66666666666667,3.75,3,4,3.33333333333333,2.66666666666667,4
"225",3.8,3,2.33333333333333,4,3,5,2.66666666666667,3.33333333333333,3,3,3,3,1.83333333333333,1,2.83333333333333,2,2
"226",5,4.66666666666667,5,4.66666666666667,4,4.66666666666667,4.66666666666667,4.66666666666667,4,3.33333333333333,3.33333333333333,4.25,4,3,3.83333333333333,3.33333333333333,4
"227",5,4.33333333333333,4.33333333333333,5,4,4.33333333333333,4.33333333333333,3.66666666666667,3,4.33333333333333,4.33333333333333,4,4,4.5,4.5,3,5
"228",3.4,2.66666666666667,2.66666666666667,3.66666666666667,3.66666666666667,4,4.66666666666667,2,2.5,1.33333333333333,2,2.5,3.83333333333333,3,2.66666666666667,2.33333333333333,5
"229",3.8,2.66666666666667,2,2,3.33333333333333,4.33333333333333,3,4,4,3.66666666666667,3.66666666666667,3,4.66666666666667,3,3,2.33333333333333,1
"230",3.6,4,2.33333333333333,5,3.33333333333333,4.33333333333333,4,3.66666666666667,3,2.33333333333333,4,4,3.5,1,4.33333333333333,2.83333333333333,3
"231",4,4,4,4,4,4,4,4,4,4,3.33333333333333,3.75,4,3.5,4,2,5
"232",3.4,2,3,1,2.66666666666667,3,2.66666666666667,3.66666666666667,3,1.66666666666667,3.33333333333333,2.25,4,3.5,2.33333333333333,2.33333333333333,2
"233",5,5,4.33333333333333,5,5,5,5,4,4,4.33333333333333,5,4,5,4,5,3.33333333333333,3
"234",4,4.33333333333333,4,3.66666666666667,3.33333333333333,3.66666666666667,4,4.33333333333333,3,4.66666666666667,4,4.25,2.83333333333333,4.5,4,2.5,6
"235",3.6,3,2.33333333333333,2.33333333333333,3.33333333333333,3.33333333333333,3.33333333333333,3.33333333333333,3,3,3.33333333333333,3.5,3.66666666666667,4,3.33333333333333,2.33333333333333,3
"236",4,4.33333333333333,3.66666666666667,5,5,5,4,4.33333333333333,4.5,4.66666666666667,4.66666666666667,4.5,4,5,4.83333333333333,3.33333333333333,4
"237",4.4,3.33333333333333,3,2.66666666666667,3.33333333333333,5,4,4,4,3.33333333333333,4,3.5,3.83333333333333,2,3.5,3,3
"238",2,3,3,4,3.66666666666667,5,3.33333333333333,1,2,2.33333333333333,3.66666666666667,4,3,3,3.66666666666667,3,5
"239",5,4.33333333333333,2.66666666666667,3.66666666666667,3,5,4.66666666666667,3.66666666666667,3,2,1.66666666666667,1.75,4,2,4,2.33333333333333,5
"240",3.8,4,2.66666666666667,5,2,3.33333333333333,2.33333333333333,3.66666666666667,2.5,2,2,2.5,4,4,3.5,2.5,2
"241",3.8,3.66666666666667,3,4,3,4,3,4.33333333333333,4,3.33333333333333,3.66666666666667,4,4,4,4,3.16666666666667,5
"242",4,3.33333333333333,3.33333333333333,5,5,4,4.66666666666667,4,4,2,3,3.25,4.66666666666667,3,3.66666666666667,2.33333333333333,5
"243",4,3.33333333333333,2.33333333333333,4.33333333333333,4,4,4,3.66666666666667,3.5,3.33333333333333,3.33333333333333,3,3.83333333333333,2,3.5,2.33333333333333,1
"244",4.8,4,3,4.33333333333333,4.66666666666667,5,4,4,4,4,3.66666666666667,4,3,4,3.5,3,4
"245",3.8,3.66666666666667,2.33333333333333,3.33333333333333,3,4,2.66666666666667,4,3,1.33333333333333,2,1.75,3,2,3,1.83333333333333,2
"246",4,4,4,5,3.66666666666667,4,3.66666666666667,4,3,2.33333333333333,1.66666666666667,2.5,3,3.5,2.5,2.16666666666667,3
"247",5,4,3,5,2.33333333333333,5,3,4,4,3.33333333333333,4,4.5,5,5,4,2.83333333333333,1
"248",4,4,3.33333333333333,4,3.66666666666667,5,3.66666666666667,3,3,2,3,2.5,3.5,4,3.16666666666667,3,1
"249",4,2.33333333333333,3,2.66666666666667,3,3,3.66666666666667,4,4,4,4,3.25,3.66666666666667,2.5,3,2.33333333333333,1
"250",3.8,2.66666666666667,3.66666666666667,3.33333333333333,2.33333333333333,4.33333333333333,2.33333333333333,4.66666666666667,3.5,2.33333333333333,3.66666666666667,3.25,4,3,4.16666666666667,2.83333333333333,1
"251",4.4,3.33333333333333,3,4.66666666666667,4.33333333333333,5,5,4.33333333333333,4,2.33333333333333,3.66666666666667,3.5,3,3,3.16666666666667,2.83333333333333,5
"252",5,5,5,5,5,5,5,5,5,4,4.33333333333333,3.75,4.5,4.5,4.83333333333333,3.5,5
"253",3.8,5,4,4.66666666666667,3.66666666666667,3.66666666666667,4,4,4,4,3.66666666666667,4,3.16666666666667,4.5,3.16666666666667,2.83333333333333,6
"254",4,4,4,5,5,5,5,5,4,4,4,4,5,5,4.33333333333333,4,5
"255",5,5,5,5,5,5,5,4,4,4,4,4,4.33333333333333,4,3,3,5
"256",4.2,4,4,5,4,5,4,4.66666666666667,4,4,5,4.75,4,5,4,3,4
"257",5,5,5,3.66666666666667,5,5,4.66666666666667,5,5,2.66666666666667,3,2.5,4,4.5,3.5,3.66666666666667,1
"258",3,3,3,5,2.66666666666667,5,4.33333333333333,5,5,5,5,5,3.66666666666667,5,3.33333333333333,3.16666666666667,2
"259",4.4,3.66666666666667,3.33333333333333,4.33333333333333,5,4,5,4.66666666666667,4.5,4.66666666666667,4.66666666666667,4.25,3.33333333333333,4,3,2.33333333333333,4
"260",5,5,5,4,4,4.66666666666667,5,5,4,2.66666666666667,5,5,4.83333333333333,4,4.16666666666667,4,3
"261",4.4,3.33333333333333,3.33333333333333,3,3,4,3.66666666666667,3.33333333333333,3.5,3,3.33333333333333,3.5,4,3,4,2.66666666666667,4
"262",5,5,5,5,5,5,5,4,4,2,1,1,3.83333333333333,2.5,2.83333333333333,2.5,5
"263",2.6,3.33333333333333,3,1,3,4,2.66666666666667,5,5,5,5,5,4.83333333333333,4,3.5,4,1
"264",4.4,4.33333333333333,3.66666666666667,4.66666666666667,3,5,3,2.66666666666667,2.5,1.66666666666667,2.66666666666667,1.75,3.16666666666667,2,3.83333333333333,1.66666666666667,1
"265",3.8,3.66666666666667,3,4,3,4,4,3,3,2.66666666666667,3,2.5,2.33333333333333,4,3,1.83333333333333,3
"266",3.6,4,3.66666666666667,2,2,4,3,3,2.5,1.33333333333333,2.66666666666667,1.75,4,1,3.83333333333333,2.16666666666667,5
"267",5,3.66666666666667,4.33333333333333,2.66666666666667,4,4,2.66666666666667,3,2,1,1,2,3.66666666666667,4,2,2.33333333333333,3
"268",3.8,4,4,4,4,4,4,4,3.5,4,4,4,4.83333333333333,3,4.5,2.5,5
"269",4.4,4,4,3,3,3,3,3,3,3,3,3,3.33333333333333,4,3,3,3
"270",4.8,4,3.33333333333333,5,5,5,5,3.33333333333333,3,1.33333333333333,2.33333333333333,2,4.83333333333333,1,4.5,3.16666666666667,5
"271",5,4.33333333333333,5,4,4.66666666666667,5,5,3,3,3,3,3,3,2,4.5,1.66666666666667,2
"272",4,3.33333333333333,3,4.66666666666667,4,4,4,3.33333333333333,4,2.66666666666667,3.66666666666667,3.75,4,4.5,3.16666666666667,2.66666666666667,5
"273",4,4,4,5,4.66666666666667,5,3,5,4,4.33333333333333,4.33333333333333,4,2.83333333333333,3,4,2.33333333333333,3
"274",4.6,3.66666666666667,3.66666666666667,3.66666666666667,5,5,4.66666666666667,3,4,4,3.33333333333333,3.25,4.5,3.5,3.66666666666667,2.16666666666667,5
"275",4,2,2,3,2,3.33333333333333,3.66666666666667,3.66666666666667,2.5,2,2,2.25,4,5,1.5,3,2
"276",3,3,3,4,4,4,4,3,3,3,3,3,4.33333333333333,2.5,3.33333333333333,3,3
"277",3.8,4,4,4,4,4.66666666666667,4,1.33333333333333,1,1,1,1,4,3,3.66666666666667,2.16666666666667,1
"278",4.8,4,4,4.66666666666667,3.66666666666667,5,5,3,3.5,3.33333333333333,3.66666666666667,4,3.83333333333333,4,4.33333333333333,3,5
"279",5,5,3,5,5,5,5,4.66666666666667,4.5,4.33333333333333,5,4.25,4.5,5,4.16666666666667,3.5,4
"280",5,5,3,3.66666666666667,3,5,4,3,3.5,2.66666666666667,3,2.75,3.5,2.5,4,2.33333333333333,1
"281",5,5,5,5,5,5,5,3.66666666666667,4,4,4,4,3.33333333333333,2.5,4.16666666666667,3.33333333333333,6
"282",4.4,3,3.33333333333333,3.66666666666667,2.33333333333333,3,4,4.33333333333333,3,3.33333333333333,2.66666666666667,3,3.66666666666667,3.5,3.33333333333333,2.66666666666667,4
"283",5,5,4.33333333333333,4,5,5,4,4,4,5,5,5,4.33333333333333,3,4.5,1.66666666666667,2
"284",4.6,4.33333333333333,3.66666666666667,5,2,5,2.66666666666667,5,4.5,3.66666666666667,3.66666666666667,4,4.16666666666667,5,4,3.33333333333333,5
"285",3.6,3.33333333333333,3,1,1,3,2,4.33333333333333,3,2.33333333333333,2,2.25,4,3.5,1.33333333333333,2.5,2
"286",4.4,5,4.33333333333333,4.33333333333333,5,5,5,5,5,4.33333333333333,5,4.75,4.33333333333333,4,3.66666666666667,4,4
"287",4.4,3,2.66666666666667,1.66666666666667,2.33333333333333,4.66666666666667,3.66666666666667,4.66666666666667,4.5,3.66666666666667,4,3,3,4,2.16666666666667,2.33333333333333,3
"288",4,3.66666666666667,3,3.66666666666667,2.66666666666667,4.33333333333333,4,4.33333333333333,5,5,5,4.25,3.33333333333333,3.5,4.66666666666667,2.33333333333333,4
"289",4.6,3.33333333333333,2.33333333333333,2.66666666666667,1.33333333333333,4,5,4.66666666666667,4.5,2.66666666666667,2,3.5,2.66666666666667,4,3.33333333333333,2.83333333333333,2
"290",2.8,1.66666666666667,2.66666666666667,2,3,4.66666666666667,4.33333333333333,5,4,4.33333333333333,3,2.75,3,1,3,2,4
"291",3,2.66666666666667,2.66666666666667,3,2.66666666666667,3.66666666666667,3.33333333333333,2.33333333333333,2,2.66666666666667,3,2.5,3,3,2.33333333333333,2.33333333333333,2
"292",4,3.66666666666667,3.66666666666667,3.66666666666667,1,4,2.66666666666667,4.66666666666667,4,4.33333333333333,4.66666666666667,3.75,4,2,3.5,2.5,2
"293",4.6,4.66666666666667,3.33333333333333,3.66666666666667,5,5,5,4.33333333333333,3.5,1.66666666666667,3,4,3.66666666666667,2,3.66666666666667,2.5,3
"294",3.4,2,2.33333333333333,2,1.33333333333333,3,2.66666666666667,5,5,5,5,5,3.33333333333333,4,2.5,2.16666666666667,1
"295",4.2,5,5,4,4.33333333333333,5,4,5,5,5,5,5,3.66666666666667,5,5,3.33333333333333,2
"296",5,5,4.66666666666667,4,5,4.33333333333333,5,3,3,3,3,3,3.66666666666667,4,3.16666666666667,2,5
"297",3.8,2.33333333333333,2.66666666666667,2.33333333333333,3,4,3.66666666666667,3.33333333333333,3,2,2,2.5,4,3,3,2.5,2
"298",5,3,2.66666666666667,2.33333333333333,2.66666666666667,3,3,3,3,3,3,3,3.16666666666667,3,1,2.33333333333333,3
"299",3,3,3,3,4.33333333333333,4.66666666666667,3.66666666666667,3,3,3.33333333333333,3.66666666666667,2.75,2.83333333333333,2.5,4.33333333333333,2,6
"300",4.8,4,4,4.66666666666667,3,5,4,3.33333333333333,3,3.33333333333333,4,3.5,4.16666666666667,4.5,3.5,2.66666666666667,4
"301",4,4,4,5,5,5,5,4,4,4,4,4,3.33333333333333,3.5,3.16666666666667,3,3
"302",4,3,3,2,4,4,3.33333333333333,3,3.5,3.33333333333333,3,3.75,3.66666666666667,3,3.16666666666667,2.83333333333333,2
"303",3.6,3,3.66666666666667,4,3,3,3,3,3,3,3,3,3.16666666666667,2,3.33333333333333,3,2
"304",4.8,3.66666666666667,3.33333333333333,4,4,5,4,4,3,2.33333333333333,4,3.25,4,1,3.33333333333333,3,4
"305",3,3,3,3,3,3.33333333333333,3.66666666666667,4,3.5,2.66666666666667,3,3,3.83333333333333,4,2.66666666666667,3,1
"306",5,3.66666666666667,2,3.66666666666667,2.66666666666667,5,5,5,5,1,1,1,4,3,3.33333333333333,4,2
"307",5,5,4.33333333333333,5,5,5,5,3,3.5,4,4,4,3.5,2.5,4,2.83333333333333,3
"308",4,3.33333333333333,3.66666666666667,4,3,4.33333333333333,4.66666666666667,2.66666666666667,2.5,2,3,2,3.33333333333333,2,3.66666666666667,2,5
"309",3.8,3.66666666666667,2.33333333333333,5,4.66666666666667,5,3.33333333333333,4,3.5,3.33333333333333,4,3.5,3.66666666666667,2.5,4.66666666666667,3,1
"310",4,3.33333333333333,4,4,3,4,3,4,4.5,3.33333333333333,2.66666666666667,3.75,4.16666666666667,4.5,2.83333333333333,2,4
"311",4.4,3.66666666666667,3.66666666666667,4.66666666666667,3.66666666666667,5,4,1.66666666666667,2,2,3,2,4.16666666666667,2.5,3.83333333333333,2.66666666666667,3
"312",4.4,5,4.33333333333333,4,4.66666666666667,5,4.66666666666667,4.66666666666667,4.5,2.66666666666667,4.66666666666667,4,4.33333333333333,4,4,2.5,5
"313",4.2,3.66666666666667,4,4,3.66666666666667,4,4.33333333333333,2,3,2.66666666666667,2.66666666666667,2.5,3.33333333333333,4,3,2.5,3
"314",5,3.33333333333333,3.66666666666667,1.66666666666667,1.33333333333333,4.66666666666667,2.33333333333333,3,2,1.33333333333333,2.66666666666667,3,4.83333333333333,4,4,1.83333333333333,2
"315",3.4,3,1.66666666666667,3.33333333333333,3,4.33333333333333,2.33333333333333,3.33333333333333,2,2,2.33333333333333,2,4,2.5,3.66666666666667,3,2
"316",4.6,4,3.66666666666667,5,4,4.33333333333333,4.33333333333333,4.33333333333333,4.5,3.66666666666667,3.66666666666667,4.25,3.33333333333333,2.5,4,2.5,4
"317",3.8,3,2.66666666666667,4,3,4.66666666666667,3.66666666666667,4,4,4,3.33333333333333,3.75,3.83333333333333,3.5,3.66666666666667,2.66666666666667,4
"318",4,3.33333333333333,3,4,1,5,3,1,3,3.66666666666667,4,3,4.33333333333333,3.5,2.83333333333333,2,2
"319",3.8,3,4,1.66666666666667,1.33333333333333,4.33333333333333,2.66666666666667,4,1,1,1.33333333333333,1.5,3.16666666666667,2,3.66666666666667,3,2
"320",3.8,4,4,4,4,4,4,3,3,2.33333333333333,2.66666666666667,3,3.33333333333333,2,4,2.16666666666667,5
"321",5,5,4.33333333333333,3,4,5,4.66666666666667,5,3,3.33333333333333,5,5,5,3.5,4.33333333333333,3.16666666666667,5
"322",4.2,2.33333333333333,3.33333333333333,5,1,3.66666666666667,4.33333333333333,4,4.5,2.66666666666667,4,3,2.16666666666667,1,1.66666666666667,1.5,3
"323",4.8,4.33333333333333,3,3.66666666666667,4,5,4.66666666666667,4.33333333333333,3,2.33333333333333,3,3.5,5,3.5,3.33333333333333,2.5,5
"324",4.8,5,4.66666666666667,5,5,5,3.66666666666667,5,4,4.66666666666667,3.33333333333333,3.25,5,5,4.5,4,1
"325",4.6,3.66666666666667,4,3,3.33333333333333,4.33333333333333,3.33333333333333,1.66666666666667,3,1.33333333333333,3,2.25,4.16666666666667,4,3.16666666666667,2,1
"326",5,5,5,5,4.33333333333333,5,5,4.33333333333333,3.5,4.33333333333333,5,3.25,3.83333333333333,4,3.83333333333333,2,5
"327",4.6,4.33333333333333,4.33333333333333,4,4.33333333333333,4.33333333333333,4.66666666666667,4.33333333333333,3.5,3.33333333333333,4.66666666666667,4.5,3.66666666666667,5,2.83333333333333,2.66666666666667,5
"328",4.4,4,4,5,5,5,5,4.33333333333333,3.5,3.33333333333333,4,3.25,3.66666666666667,4,4.33333333333333,2.66666666666667,5
"329",4.2,4,4,4.66666666666667,4.33333333333333,4,4.66666666666667,2.66666666666667,3,3.33333333333333,4,3,2.66666666666667,2.5,3.83333333333333,2,5
"330",4,3.66666666666667,4,3.33333333333333,3,4.66666666666667,2.33333333333333,2.66666666666667,1,1.33333333333333,2,1.5,3.66666666666667,3,4,3,2
"331",4.2,4,4,4,4,4,4,3.66666666666667,3.5,3,3.33333333333333,3,3.5,3.5,3.16666666666667,3,2
"332",5,4.33333333333333,3.33333333333333,5,5,5,5,4,3,3,3.66666666666667,3.25,4.5,5,5,3.33333333333333,5
"333",4,3.66666666666667,3.33333333333333,4,4,4,4.66666666666667,3,3.5,3.33333333333333,3,3,3.83333333333333,2,3.66666666666667,2.16666666666667,4
"334",4.6,5,4.66666666666667,4.33333333333333,4,5,4,4.33333333333333,4.5,4.66666666666667,4.66666666666667,4.5,3.66666666666667,4.5,4,3.66666666666667,3
"335",4.4,3.66666666666667,3.33333333333333,4.33333333333333,4,4,4.33333333333333,4,3,2.66666666666667,2.66666666666667,2.5,3.5,3,3.66666666666667,3.33333333333333,1
"336",4,4,3.33333333333333,3.66666666666667,4,4,4,3.33333333333333,3.5,3.66666666666667,3.33333333333333,3.25,4,3.5,3.83333333333333,2.5,4
"337",4,4,4,4,4,4,4,4,4,3,3.33333333333333,3,3.83333333333333,2,4.5,3,1
"338",4.4,4,3,5,4.33333333333333,4.33333333333333,4.66666666666667,4.66666666666667,4,4,4,4,2,3.5,3.5,3.16666666666667,5
"339",5,5,4,5,5,5,5,3,3,3,3,3,4.33333333333333,1,5,4,2
"340",4.6,3.66666666666667,3.66666666666667,3.66666666666667,4,4,3.66666666666667,3,2.5,1.33333333333333,1.33333333333333,2.75,4.83333333333333,5,4,2.83333333333333,1
"341",4.4,3.33333333333333,3.33333333333333,4,2.33333333333333,5,3,3.33333333333333,3,3,3,3,3.5,2.5,4,2.83333333333333,2
"342",5,5,5,5,5,5,5,5,5,5,5,5,3.66666666666667,2,3,4,4
"343",3.8,3.33333333333333,3,4,3.66666666666667,4,3.33333333333333,4,4,2.33333333333333,3.33333333333333,3.75,3.83333333333333,5,3.5,2.16666666666667,2
"344",4.2,4,4,3.33333333333333,3,5,4.66666666666667,4.33333333333333,4,2.66666666666667,5,4.75,4.16666666666667,4,5,2.83333333333333,1
"345",4.2,3.33333333333333,2.33333333333333,4.66666666666667,2.66666666666667,4.66666666666667,3.66666666666667,2.66666666666667,2,1,2,1.25,3.5,3.5,2.33333333333333,2.83333333333333,1
"346",4,3.66666666666667,2.33333333333333,2.33333333333333,2,4,1,2.66666666666667,1,1,1,1,3.83333333333333,1,2.83333333333333,1.5,2
"347",3.6,3.66666666666667,3,4,2,4.33333333333333,3.33333333333333,3.66666666666667,4,2.33333333333333,2.66666666666667,3.25,4,3.5,3.83333333333333,2.83333333333333,2
"348",3.6,3.66666666666667,4,3.66666666666667,2.66666666666667,5,4,5,3,4,3,3.25,4,3.5,5,2.66666666666667,2
"349",3.4,3,3.33333333333333,5,3.33333333333333,4.66666666666667,4,3.33333333333333,3,1.33333333333333,2,3,4,2.5,2.66666666666667,2.83333333333333,1
"350",5,5,5,5,5,5,5,5,5,5,5,5,5,5,3,4,5
"351",4.6,4,4,5,5,5,5,4.66666666666667,4.5,4.66666666666667,5,4,5,5,4.66666666666667,2.83333333333333,5
"352",5,5,3.33333333333333,5,5,5,5,4.33333333333333,4,4,4.33333333333333,4.25,4,1,4,2.5,4
"353",4,3.66666666666667,4,3.66666666666667,5,5,5,3.66666666666667,3,3,3,2.75,3.83333333333333,3,3,2.5,2
"354",5,5,5,5,5,5,5,3,3,3,3,3,3.33333333333333,3,3.33333333333333,2.16666666666667,5
"355",5,4.33333333333333,4,4,4,4,4.66666666666667,5,4.5,4,4.66666666666667,4.25,4.66666666666667,5,4.5,3.83333333333333,5
"356",4.6,3.66666666666667,5,2.33333333333333,3,2.33333333333333,3.33333333333333,4.33333333333333,3.5,4.33333333333333,3,3.75,3.16666666666667,4,3.16666666666667,2.83333333333333,6
"357",4.2,3.66666666666667,3.66666666666667,4.66666666666667,4.33333333333333,4.33333333333333,4,3.66666666666667,4,3.33333333333333,3.33333333333333,3.25,3.33333333333333,4.5,4,2.66666666666667,4
"358",4.4,4,4.66666666666667,3.33333333333333,4.33333333333333,5,5,4.33333333333333,4,4,4.33333333333333,5,4.33333333333333,2.5,3,2.16666666666667,3
"359",4,4,4,4,3.33333333333333,4,4,4,4,4,4,4,4,3.5,3.66666666666667,2.83333333333333,5
"360",5,5,5,3.33333333333333,2.66666666666667,5,4.66666666666667,4.66666666666667,4.5,3,3.33333333333333,3,4.5,3,4.33333333333333,2.66666666666667,1
"361",1,4.33333333333333,3.66666666666667,5,1,5,1,3,2,1,2.33333333333333,1.25,2.33333333333333,5,5,2.33333333333333,2
"362",3.2,4,3,4.33333333333333,4,4.33333333333333,3.33333333333333,3.33333333333333,4,3.66666666666667,4.33333333333333,3.5,3.16666666666667,3.5,3.33333333333333,2.83333333333333,6
"363",4.4,4,3.33333333333333,3,3,4,3,4.33333333333333,3.5,3.33333333333333,4,3.25,3.83333333333333,3,3.83333333333333,2.5,2
"364",3.6,2.66666666666667,2.66666666666667,3,2.33333333333333,3,3,3.66666666666667,3.5,2.66666666666667,3.33333333333333,3.5,3.66666666666667,3,1.83333333333333,2.5,2
"365",4,4,4,5,5,5,5,3.66666666666667,5,5,5,5,4.33333333333333,3,4.33333333333333,2.5,5
"366",4.2,3.33333333333333,3.66666666666667,3.66666666666667,3.33333333333333,4,3.33333333333333,3.33333333333333,3,4,3.66666666666667,3.75,3.16666666666667,2.5,2.66666666666667,1.5,4
"367",3,2.33333333333333,2.33333333333333,2,3,3,3.33333333333333,4,3,3,3,3,4,4,2.83333333333333,2,3
"368",4.8,4.33333333333333,4,4.33333333333333,3.33333333333333,5,4.33333333333333,4.33333333333333,3.5,2,4,3.5,4.5,5,3.83333333333333,3,1
"369",4.4,3.66666666666667,3.33333333333333,5,4.33333333333333,4.33333333333333,4,4.33333333333333,4.5,4,4,4,4.16666666666667,4.5,3,3.33333333333333,4
"370",3.8,4,3.66666666666667,5,4,5,3.66666666666667,5,3.5,3.33333333333333,2.66666666666667,2.75,3.5,1.5,3.83333333333333,1.83333333333333,1
"371",4.4,4.33333333333333,2.66666666666667,5,5,5,5,4,5,4.66666666666667,5,4,4.66666666666667,3,3,3.16666666666667,5
"372",4.8,3.66666666666667,4,3,4,5,4.66666666666667,4.66666666666667,4,3.33333333333333,4,4.25,3.83333333333333,3,3.16666666666667,2.66666666666667,3
"373",5,5,5,5,5,5,5,5,5,5,5,5,4.66666666666667,5,5,4,4
"374",4.6,3.66666666666667,3.33333333333333,4,5,4,4.66666666666667,3.33333333333333,3,2,2,2.5,4,3,4,2.83333333333333,5
"375",4.2,3.66666666666667,3.66666666666667,3.66666666666667,4,4.33333333333333,3.66666666666667,2.66666666666667,4,3.66666666666667,4.33333333333333,3.5,2.83333333333333,3.5,3.5,3.16666666666667,3
"376",4,4,4,4,3,4,2.66666666666667,4,4,4,4,4,3.33333333333333,2.5,2.83333333333333,3,5
"377",4,3.66666666666667,4,4,4.33333333333333,3.66666666666667,3.66666666666667,3.33333333333333,3,2.66666666666667,3,3,3.66666666666667,5,3.83333333333333,2.16666666666667,5
"378",4.4,3.66666666666667,4,4.66666666666667,3.66666666666667,4,3.33333333333333,3.66666666666667,3.5,2.66666666666667,4.33333333333333,3.75,2.83333333333333,4.5,3.33333333333333,3.16666666666667,4
"379",5,5,5,4,4,4,4,5,5,5,5,5,5,4.5,3,4,6
"380",4,4,4,5,4,5,4,5,5,5,5,5,3.66666666666667,5,4.5,3,1
"381",4.4,4,4,3.66666666666667,4,5,5,4,4,3,3,3.25,4.16666666666667,4,3.83333333333333,3,5
"382",5,5,5,5,1.66666666666667,5,3.66666666666667,5,5,5,5,5,5,3.5,4.16666666666667,4,1
"383",5,5,5,4.33333333333333,4,4,4,4,3.5,3.66666666666667,4,3,3.66666666666667,5,4,4,3
"384",5,5,5,5,4,5,4.33333333333333,5,5,3.66666666666667,5,4,4.16666666666667,4.5,4,3.33333333333333,5
"385",5,5,5,5,5,5,5,5,5,5,5,5,5,5,4.33333333333333,4,4
"386",4.8,4.33333333333333,4.66666666666667,5,5,5,5,5,5,4.66666666666667,4.66666666666667,4.5,4.83333333333333,4.5,5,3.33333333333333,5
"387",4.4,4.33333333333333,4,5,5,5,5,4,3,2.66666666666667,3,4,3.16666666666667,3,3,3,5
"388",3.4,3.33333333333333,3,3,2.33333333333333,3.66666666666667,3,2,1.5,2.33333333333333,1.33333333333333,1.5,2.83333333333333,1,2.16666666666667,1.33333333333333,4
"389",2.8,2.66666666666667,3,3.66666666666667,2,4.33333333333333,2.33333333333333,3.66666666666667,4,3.66666666666667,3.33333333333333,3.25,3.66666666666667,3.5,4,2.66666666666667,1
"390",4.2,4.33333333333333,3.66666666666667,3.66666666666667,1.33333333333333,5,2.33333333333333,3.33333333333333,3,3.33333333333333,4,2.75,4.33333333333333,3.5,4.5,2.83333333333333,2
"391",4.4,4,3.33333333333333,5,2.66666666666667,5,4.33333333333333,3.66666666666667,4,2.66666666666667,4,3.75,4.66666666666667,4.5,3.5,2.66666666666667,5
"392",4.6,2.66666666666667,3.33333333333333,2,4.66666666666667,4,4.66666666666667,4.33333333333333,4,2.66666666666667,3.33333333333333,3.75,4.5,4,3.66666666666667,2.66666666666667,5
"393",5,5,4,5,3.66666666666667,5,4.33333333333333,4.66666666666667,4,3.33333333333333,3,4,4,4,3.66666666666667,2.83333333333333,4
"394",4.4,2.66666666666667,3.66666666666667,2,1.66666666666667,3.33333333333333,4,3,1,1,1,2.25,4.66666666666667,2.5,3.33333333333333,1.83333333333333,2
"395",3.6,3.33333333333333,3,2,2,4.66666666666667,4.33333333333333,3.33333333333333,2.5,1.66666666666667,1.33333333333333,1.75,2.66666666666667,5,2.33333333333333,2.5,4
"396",3.8,3,1.33333333333333,3,3.66666666666667,3.33333333333333,5,4,4,3,3.66666666666667,2.75,3.33333333333333,3,3,2,2
"397",5,4.33333333333333,3.66666666666667,4,4.66666666666667,5,5,4.33333333333333,4,4,4,4.5,3.83333333333333,5,2.83333333333333,3.33333333333333,5
"398",3.6,3.66666666666667,2.33333333333333,4.66666666666667,3.33333333333333,3.66666666666667,4.66666666666667,3.66666666666667,3,1.66666666666667,2.66666666666667,2.25,3.16666666666667,3.5,2,2.16666666666667,5
"399",3.8,4.33333333333333,3.66666666666667,4,4.33333333333333,4,4.66666666666667,4,4,4.66666666666667,4.33333333333333,4,2.66666666666667,2,2.83333333333333,1,6
"400",4.6,3.66666666666667,3.66666666666667,2.33333333333333,2.66666666666667,4,4.33333333333333,3.33333333333333,3,2.66666666666667,2.66666666666667,2.5,3.16666666666667,2.5,2.66666666666667,2.5,1
"401",3,2.66666666666667,2,2.33333333333333,3,3,3,3,3.5,3,3,3.25,3.16666666666667,2.5,2.16666666666667,2,2
"402",4.8,1.66666666666667,2.66666666666667,1.33333333333333,1.66666666666667,5,4.66666666666667,3,3,2.33333333333333,2.66666666666667,3,3.5,2.5,3.33333333333333,2.66666666666667,5
"403",4.8,4.66666666666667,4.66666666666667,5,5,5,5,5,5,5,5,5,4.33333333333333,5,5,4,4
"404",3.2,2,2,2,5,5,4.66666666666667,3.66666666666667,3,3.33333333333333,4,3.5,3.5,2,3,2.66666666666667,5
"405",4.2,4,3.33333333333333,3,3,3,3,4,4,3.33333333333333,2.33333333333333,2.75,3.5,1.5,3,3,3
"406",4,3.66666666666667,4,5,5,5,5,3.33333333333333,2.5,2.33333333333333,2.66666666666667,3.25,2.16666666666667,5,4.33333333333333,2,5
"407",5,4.66666666666667,4,2.66666666666667,4,5,5,4.66666666666667,4,4.33333333333333,4.33333333333333,4.25,4.66666666666667,4.5,4.83333333333333,2.66666666666667,2
"408",3.8,2.33333333333333,2.66666666666667,4,3,4,4,4.66666666666667,4,4,3.66666666666667,4,3.5,2.5,3,3,1
"409",4.8,4.66666666666667,4.66666666666667,5,5,4.33333333333333,4,4.33333333333333,3.5,5,4.66666666666667,4,3.5,4.5,3,3.83333333333333,6
"410",3.6,3,4,4,3.33333333333333,3,3,3,4,3.66666666666667,3.66666666666667,3.75,4.33333333333333,4,3.16666666666667,2.66666666666667,3
"411",5,4,4,4.33333333333333,3.33333333333333,5,5,4.33333333333333,4.5,4.66666666666667,4.66666666666667,4.25,4.66666666666667,4,4.16666666666667,2.83333333333333,6
"412",4,4,4,5,5,4.66666666666667,5,4,4,3.66666666666667,3.66666666666667,4,4.5,4,4.5,3,5
"413",4.6,4,4,2.33333333333333,3,5,3.66666666666667,4.66666666666667,4,4.33333333333333,4.33333333333333,3.75,4,4,4.5,3.16666666666667,4
"414",4.6,3.66666666666667,3.33333333333333,3.33333333333333,2,5,5,4.33333333333333,3.5,1.66666666666667,1.66666666666667,3.75,4.5,4.5,4.16666666666667,3,2
"415",3.8,1.66666666666667,2.33333333333333,1,1,5,1,5,4,2.66666666666667,3,4,3.5,2.5,1.83333333333333,1.66666666666667,2
"416",4.2,3.66666666666667,2.33333333333333,4.66666666666667,2.33333333333333,4.33333333333333,4,5,4,4,4.66666666666667,4.5,3.16666666666667,3,2.5,3.16666666666667,3
"417",3.6,3.66666666666667,4,3.66666666666667,4,4,4,4,2.5,3.33333333333333,3.66666666666667,4,2.83333333333333,3.5,3.33333333333333,2.33333333333333,5
"418",3.8,3,2,3,4,5,4.66666666666667,3.66666666666667,3,1,1.33333333333333,1.5,4.5,5,3.16666666666667,2.66666666666667,4
"419",5,3.33333333333333,4,4,3,4,4.66666666666667,3,2.5,2,3,3,3.5,3,2,3,5
"420",4.8,4.33333333333333,3,5,5,5,5,4,4,3,3,3.5,4.16666666666667,4,4.16666666666667,3,6
"421",3.8,2.66666666666667,3,4.33333333333333,4.66666666666667,4.33333333333333,4.66666666666667,5,4,4.33333333333333,4.33333333333333,4,3.66666666666667,3,2.5,3,5
"422",4,4,4,4.33333333333333,4,4,4,4,4,4,4,4,3.33333333333333,4,3.66666666666667,3,5
"423",4.8,4.66666666666667,4.33333333333333,2.66666666666667,4.66666666666667,5,5,4.33333333333333,4,3.33333333333333,3,3.75,3.5,5,4.33333333333333,2.83333333333333,5
"424",3.8,2.66666666666667,3.33333333333333,3.66666666666667,2.33333333333333,3.33333333333333,2.66666666666667,3.66666666666667,3.5,2.66666666666667,3,4,3.83333333333333,4,3.16666666666667,3,5
"425",4.8,5,5,4,5,4.66666666666667,5,4.66666666666667,4.5,3.33333333333333,4.33333333333333,4,3.83333333333333,4.5,3,3,5
"426",5,3,4.33333333333333,4,4,5,4.33333333333333,4.66666666666667,4,3.33333333333333,2.66666666666667,3.25,4.16666666666667,1,5,3.33333333333333,5
"427",4.6,5,4.33333333333333,5,4.66666666666667,5,4.66666666666667,5,4.5,4.66666666666667,5,4,4.33333333333333,5,4.66666666666667,3,4
"428",5,5,5,5,5,5,5,4.33333333333333,2.5,4.33333333333333,4,4,5,5,5,4,5
"429",4,3,3.66666666666667,5,4.33333333333333,4.66666666666667,4.33333333333333,4.33333333333333,4.5,4.33333333333333,4.33333333333333,4.25,3.33333333333333,3,4,2.66666666666667,4
"430",5,5,5,4,2,4,2.66666666666667,4.66666666666667,5,4.66666666666667,4.33333333333333,4.5,4.16666666666667,4.5,4,3,2
"431",4.6,4.33333333333333,4,4.66666666666667,4.33333333333333,4.66666666666667,4.66666666666667,4.33333333333333,4,4.33333333333333,4.33333333333333,4.5,4,3.5,4,3.33333333333333,6
"432",4,4,3.33333333333333,5,5,5,5,3.66666666666667,4,4.33333333333333,4.66666666666667,4.5,3.33333333333333,2,3.33333333333333,2.66666666666667,3
"433",4.6,4,4,4,1.66666666666667,3.66666666666667,4,4.66666666666667,5,4.33333333333333,3.33333333333333,4,2.5,1.5,3,1.33333333333333,5
"434",5,4,5,1,1,5,1,5,5,5,5,5,5,5,3,3.5,2
"435",4,4.66666666666667,4,5,4.33333333333333,5,5,4.33333333333333,4,4.66666666666667,5,4,4.66666666666667,4,5,2.83333333333333,4
"436",4.6,3.66666666666667,3.66666666666667,2,2,5,2.66666666666667,3,3,2,4,4,3.66666666666667,4,3.33333333333333,3,2
"437",4.2,4,3.33333333333333,4,3.66666666666667,4,3,2,2,2,2.66666666666667,2,3.16666666666667,3,3.16666666666667,2.33333333333333,3
"438",4.6,4.33333333333333,4,5,3.66666666666667,4.33333333333333,5,3.33333333333333,4,4,4,3.75,4.16666666666667,3.5,3.5,2.66666666666667,5
"439",4,4,4,3.66666666666667,3.33333333333333,4,3.66666666666667,3.66666666666667,4,3.33333333333333,3.66666666666667,3.25,2.66666666666667,2.5,3.16666666666667,3.16666666666667,5
"440",5,5,5,5,5,5,5,5,5,5,5,5,3.66666666666667,5,2.66666666666667,3,6
"441",5,5,4,4.66666666666667,4.33333333333333,5,5,4.66666666666667,3.5,3.66666666666667,4.33333333333333,2.75,4,3,3.33333333333333,2.33333333333333,5
"442",4.4,3,3.33333333333333,2.33333333333333,3,3.66666666666667,3,3.33333333333333,2.5,2,2,2.25,3.5,2,2.33333333333333,2.33333333333333,3
"443",3.6,4,4.66666666666667,4,3,4,3,5,5,5,5,5,3.5,4,4.66666666666667,2.66666666666667,2
"444",3.4,4.66666666666667,3.33333333333333,3.66666666666667,3.33333333333333,4.33333333333333,4.66666666666667,1,1,1,3,1.75,2.66666666666667,1.5,4,3.83333333333333,5
"445",5,3.33333333333333,4.33333333333333,3.33333333333333,1.66666666666667,5,4,3,3,3,3,3,5,3,4.16666666666667,2.5,2
"446",4,4,4,3,1.66666666666667,5,4.33333333333333,4.33333333333333,3,3.66666666666667,4,4,3.5,3,3.33333333333333,2.16666666666667,3
"447",4.6,4,3.33333333333333,3.66666666666667,2.66666666666667,3.33333333333333,3.33333333333333,5,5,4.33333333333333,4.66666666666667,4.5,4.16666666666667,3.5,3.83333333333333,3.16666666666667,5
"448",3.8,3.33333333333333,3,3,3,4,1.66666666666667,4,3.5,3,2,4,2.5,3.5,2.83333333333333,2.66666666666667,6
"449",4,2.33333333333333,2,3,3,3,3,2,2,2,2,2,2.83333333333333,3,2.16666666666667,2.66666666666667,1
"450",4.8,3.33333333333333,4,4,4.33333333333333,4.66666666666667,5,5,4.5,3,2.66666666666667,3.5,4.5,4,4,3,5
"451",4.4,3.66666666666667,3.33333333333333,4.66666666666667,2.33333333333333,4.66666666666667,3,3.66666666666667,3,2.33333333333333,3,3,4.16666666666667,4,3.16666666666667,2.5,4
"452",4,4,3.66666666666667,4.66666666666667,4,4,4,3.33333333333333,4,2.33333333333333,4,4,3.83333333333333,4,3.83333333333333,2.83333333333333,4
"453",4.4,4,3.66666666666667,3.66666666666667,3.33333333333333,4.66666666666667,4.33333333333333,2.66666666666667,3.5,3,3,3.5,3.83333333333333,2,3.33333333333333,2.16666666666667,5
"454",5,4,3.33333333333333,4,4,4.33333333333333,3.33333333333333,4.33333333333333,4.5,2.66666666666667,3.33333333333333,3.5,4,2.5,3.66666666666667,3,5
"455",4.8,4.33333333333333,4,4.66666666666667,4.66666666666667,5,4.33333333333333,3.66666666666667,4,2.33333333333333,4,4,4.83333333333333,3,5,2.83333333333333,5
"456",4,3.33333333333333,3.66666666666667,2.66666666666667,4,4,4,3,3,3,3,2.75,4,3.5,2.83333333333333,3,3
"457",4.2,3,2,2.66666666666667,3.66666666666667,5,4,1.66666666666667,1,1,2.33333333333333,2,3.83333333333333,2.5,1.33333333333333,2.66666666666667,3
"458",3.4,4.33333333333333,4,1,1.66666666666667,5,3,3.66666666666667,3.5,3,3.66666666666667,4,3,3,4,3.33333333333333,3
"459",4.8,4,4.66666666666667,3.66666666666667,3.33333333333333,4.66666666666667,3.66666666666667,5,4,2,5,4.75,4,5,5,3.33333333333333,5
"460",4.4,4.66666666666667,3.66666666666667,4.66666666666667,3.33333333333333,4.33333333333333,4.33333333333333,3.33333333333333,2.5,3,4,3.25,3,3,2.33333333333333,2.66666666666667,5
"461",3,3.33333333333333,3.66666666666667,1,1,5,2.33333333333333,3.33333333333333,3,2,3,3,4,3.5,4.33333333333333,3.16666666666667,2
"462",4,4,4,5,5,5,4.33333333333333,4,4,3,4,4,4,2,2.66666666666667,3,3
"463",4,4,4,3,5,5,5,4,4,3.66666666666667,3,3,3.5,4,2.66666666666667,3,3
"464",4.2,5,3.66666666666667,3.66666666666667,4,3.33333333333333,3.66666666666667,4.33333333333333,4,5,4.33333333333333,4.5,3.66666666666667,3.5,3,3.16666666666667,6
"465",4.8,5,5,5,5,5,5,5,4,2.66666666666667,3,3,4.33333333333333,5,4,3.5,5
"466",4.2,2.66666666666667,2.66666666666667,1,2.33333333333333,3.66666666666667,4,4.66666666666667,4,3,4,3.5,3.16666666666667,5,2.83333333333333,3.16666666666667,2
"467",4,3.66666666666667,3.33333333333333,3,3.33333333333333,4.66666666666667,3,3.33333333333333,3,2,3.66666666666667,3.5,3.66666666666667,3.5,3.16666666666667,3,1
"468",3.4,3,3.33333333333333,3.33333333333333,2.33333333333333,2.33333333333333,4,4.66666666666667,3.5,3,4,3.5,3.16666666666667,3.5,3.16666666666667,1.83333333333333,3
"469",4,3.33333333333333,4,3,3,4,3.66666666666667,4,3,3,2.33333333333333,2.75,2.33333333333333,4,3.33333333333333,2.33333333333333,3
"470",5,5,5,5,5,5,5,5,5,5,5,5,3.66666666666667,5,3,3.16666666666667,6
"471",4,4,3.66666666666667,4,4,4.66666666666667,4,4,3.5,2,3,2,3.83333333333333,2,3.33333333333333,2.5,4
"472",4.8,4.66666666666667,4,4.66666666666667,5,5,4,4.33333333333333,4.5,3.33333333333333,3.33333333333333,3.25,4.33333333333333,5,4.83333333333333,2.5,4
"473",5,4.33333333333333,3.66666666666667,4.33333333333333,4,4.33333333333333,4.33333333333333,3,3,3,4.33333333333333,3.5,5,5,4.33333333333333,2.66666666666667,5
"474",3,3,3,2,1.66666666666667,3,2.66666666666667,4,4,4,4,4,3,4,2.33333333333333,3,4
"475",5,4.33333333333333,4,3.66666666666667,5,4.66666666666667,3.33333333333333,4,3,4.33333333333333,4,4.25,3.66666666666667,2,3,3,6
"476",3.8,3.66666666666667,3,4,3,5,4,4,4,4,4,4,2.66666666666667,4,3.66666666666667,3,3
"477",5,5,5,5,3,5,5,5,5,5,5,5,4.66666666666667,4,3.5,3.33333333333333,3
"478",4.2,3,3.66666666666667,2.33333333333333,3,2.33333333333333,2.66666666666667,3.33333333333333,4,3.66666666666667,3.33333333333333,3.75,3.33333333333333,3,3.16666666666667,2.33333333333333,3
"479",5,5,4.33333333333333,5,5,5,5,4.33333333333333,5,4.66666666666667,4.66666666666667,4.25,4.83333333333333,4,5,3.5,5
"480",4.8,5,5,5,4.33333333333333,5,5,3.66666666666667,3,3.33333333333333,4,4,4.83333333333333,3,4.16666666666667,2.33333333333333,4
"481",4.8,4.33333333333333,4,4,4,5,4.66666666666667,5,5,3.66666666666667,4,4.25,4.66666666666667,2,4.5,2.66666666666667,1
"482",4,3.66666666666667,3,4,4.66666666666667,4,5,4,4,2.33333333333333,1,1.5,2.5,5,3,3,4
"483",4.4,4,4.33333333333333,3.33333333333333,3.33333333333333,3.33333333333333,3.66666666666667,3,3,3.66666666666667,3,2.75,3.16666666666667,4,3,3,4
"484",4,4.66666666666667,4,5,3,4.66666666666667,4,3.33333333333333,3.5,3,3,3,4,3.5,4,3,1
"485",4.6,3,2.66666666666667,2.66666666666667,3,4,3,5,5,3.33333333333333,5,5,2.33333333333333,4.5,2.83333333333333,2.66666666666667,1
"486",4.4,4,4.33333333333333,4,4,3.66666666666667,4,4.33333333333333,3.5,4.66666666666667,3.66666666666667,4.25,3.16666666666667,4,3.16666666666667,3.33333333333333,3
"487",4.2,4.33333333333333,4,5,5,4,4.66666666666667,4.33333333333333,4,3.33333333333333,3.33333333333333,3.5,3.66666666666667,2.5,3.5,2.83333333333333,4
"488",4,3.66666666666667,4,2,3,3,3,4,4,3,3,2.25,4,4,2.16666666666667,3,5
"489",4.8,4,3.66666666666667,4.33333333333333,4.33333333333333,5,4.33333333333333,5,4.5,3.66666666666667,5,4,4,4,3.16666666666667,2.5,3
"490",4,4,3.66666666666667,4,3.33333333333333,4,4,3,4,2.33333333333333,3.66666666666667,3,4,3.5,3.83333333333333,2.83333333333333,1
"491",5,5,5,5,5,5,5,5,5,5,4.66666666666667,4.75,4,5,4,4,3
"492",4.8,4.66666666666667,4.33333333333333,5,5,5,5,4.66666666666667,4.5,4.66666666666667,5,5,4.16666666666667,5,4.66666666666667,3.66666666666667,5
"493",4.2,3.33333333333333,2.33333333333333,4,3,4.66666666666667,3,4,4,2,2.66666666666667,3.5,4,4,3.66666666666667,1.83333333333333,1
"494",5,5,5,3,4,5,5,4.66666666666667,3.5,1,3.33333333333333,2.25,4.5,5,4.33333333333333,4,1
"495",4.2,3,3,3,3.66666666666667,4,4.33333333333333,4,2.5,3,2.66666666666667,2,3,4.5,4.33333333333333,2.5,5
"496",4.8,3.66666666666667,4,3.66666666666667,4.33333333333333,4.33333333333333,5,5,5,3.66666666666667,4.33333333333333,3.75,4.5,3,3.16666666666667,3.16666666666667,3
"497",4.2,3.33333333333333,2,3,2.33333333333333,4,1.33333333333333,2.66666666666667,1,1.33333333333333,2.33333333333333,2.25,4.83333333333333,4.5,1.83333333333333,1,2
"498",4.2,3.33333333333333,4,2.33333333333333,3,4,4,3.66666666666667,3,2.33333333333333,3.66666666666667,3.5,3.83333333333333,3.5,3.83333333333333,2.66666666666667,2
"499",2.8,3.33333333333333,2.66666666666667,4,2.33333333333333,4,2.66666666666667,3.33333333333333,3,3,3,3,3.5,2.5,3.66666666666667,2.33333333333333,1
"500",4.4,4.33333333333333,3.66666666666667,3.66666666666667,1,4.66666666666667,3.66666666666667,4.33333333333333,3.5,2.33333333333333,3.66666666666667,4.25,4.5,4,3.83333333333333,3.83333333333333,2
"501",4.2,4.33333333333333,2.66666666666667,5,4,5,3.33333333333333,3.33333333333333,3,2.66666666666667,2.66666666666667,3.25,3.33333333333333,2,3,2.33333333333333,1
"502",2.4,3.33333333333333,3.33333333333333,3.66666666666667,3.33333333333333,3.33333333333333,4,2.66666666666667,2,3,2.33333333333333,3,2.5,4,2.33333333333333,1.16666666666667,2
"503",5,5,4,5,5,5,5,4.33333333333333,5,3.33333333333333,3.66666666666667,4,4.66666666666667,2,4.5,3,1
"504",4.6,4.33333333333333,3.66666666666667,5,4.66666666666667,5,5,4.66666666666667,4,4.33333333333333,4,4,4.33333333333333,5,4.33333333333333,3,5
"505",4,3.66666666666667,3.33333333333333,4,3.33333333333333,4,3,3.66666666666667,4,2.66666666666667,3.66666666666667,3.25,3.83333333333333,3,3.16666666666667,2.5,1
"506",4.8,3.33333333333333,4,4.66666666666667,3.33333333333333,5,4.66666666666667,4.66666666666667,3,2.33333333333333,3.33333333333333,2.75,3.66666666666667,3.5,3.33333333333333,3.5,1
"507",4,3.33333333333333,4,3.33333333333333,3.66666666666667,3.66666666666667,4,4,3.5,4,4,3,3.5,3,4,2,3
"508",4,4.33333333333333,3.33333333333333,4,1.66666666666667,4.66666666666667,3,4.33333333333333,3.5,3,4.33333333333333,4,4.33333333333333,4.5,3,3.33333333333333,1
"509",4,4,4,5,5,5,5,4,4,4,4,4,3.83333333333333,4,5,4,6
"510",3.8,3.66666666666667,3,3.33333333333333,4,4,4,5,5,5,5,4,3.33333333333333,3.5,3.33333333333333,2.5,5
"511",3.8,2,2.66666666666667,4,2,5,4,4.33333333333333,5,4.66666666666667,5,4.5,2.33333333333333,1,1.5,1.5,3
"512",3,4,1.66666666666667,2,3,3.33333333333333,3.33333333333333,3.66666666666667,4,3.66666666666667,3.66666666666667,3.5,2.33333333333333,3,2.5,2.83333333333333,3
"513",3.4,3,2,4,3,4,4,2.33333333333333,2,2.66666666666667,2.33333333333333,2.5,3.33333333333333,3.5,2.16666666666667,2.33333333333333,3
"514",2.6,1.66666666666667,1,1,1,5,1.66666666666667,4,2,2.33333333333333,4,3,4.16666666666667,2,2.83333333333333,2.33333333333333,2
"515",4.4,4.33333333333333,3,4,4,4,4.33333333333333,3.33333333333333,4,3,3.66666666666667,4.25,4.16666666666667,4,3.5,3,6
"516",4,4,4,4.66666666666667,3.33333333333333,5,4,4,4,4,4,4,3,3,2.66666666666667,3,1
"517",3.6,3.66666666666667,3,2.33333333333333,2.33333333333333,3.66666666666667,2.33333333333333,4,3.5,3.66666666666667,4,2.75,3.66666666666667,3,2.66666666666667,2.83333333333333,4
"518",4.4,4,3.66666666666667,4.33333333333333,4,5,4,4,4.5,4,4,3.75,3.5,3,4.33333333333333,2.83333333333333,3
"519",5,5,5,5,5,5,4.66666666666667,4,4,4,4,4.25,3.66666666666667,5,3.16666666666667,4,6
"520",4,4,4,5,4,5,4.66666666666667,2.33333333333333,3,3,2.33333333333333,2,3.83333333333333,4,4,2.66666666666667,1
"521",4.8,4,4.33333333333333,3.33333333333333,4,4.66666666666667,4.66666666666667,4,3.5,3,3,3,4,3.5,3.33333333333333,2.83333333333333,5
"522",4,4,3.66666666666667,4.33333333333333,4,5,4,5,5,5,4,3.75,4.16666666666667,3.5,4,3,5
"523",4.4,3.66666666666667,3.66666666666667,4.33333333333333,4.66666666666667,4.66666666666667,5,3.33333333333333,4.5,3,4.33333333333333,4,3.5,3.5,2.66666666666667,3,6
"524",3.6,3.33333333333333,3.66666666666667,4,2.66666666666667,4,3.33333333333333,3.33333333333333,3.5,2.66666666666667,3,2.75,3.5,4,3.5,2.83333333333333,4
"525",3.6,2.66666666666667,3.33333333333333,3.66666666666667,2.33333333333333,3.33333333333333,3,3,2.5,1.66666666666667,3.33333333333333,3,4.33333333333333,3,3.16666666666667,3.16666666666667,3
"526",2,1.66666666666667,1.33333333333333,3.33333333333333,3.33333333333333,3.33333333333333,3.66666666666667,2,2,1.33333333333333,2.33333333333333,2.25,2.33333333333333,2,2.83333333333333,1.66666666666667,6
"527",3.4,3,3.33333333333333,3,3,3,3,3,2,3.33333333333333,3,2.75,3.5,3,2.83333333333333,2.33333333333333,1
"528",4.2,2.33333333333333,3.33333333333333,3.33333333333333,2.33333333333333,2.66666666666667,3.66666666666667,4.33333333333333,2.5,2,4,2.75,4.66666666666667,4,3.5,3.16666666666667,3
